control_code,anomalies_before,anomalies_after,corrected_count,rate_before_pct,rate_after_pct,final_status
C01,1,1,0,0.0048,0.0048,WARN
C02,46,46,0,0.2210,0.2210,WARN
C03,5502,13116,-7614,26.4354,63.0183,WARN
C04,2487,2487,0,11.9493,11.9493,WARN
C05,4,4,0,0.0675,0.0675,WARN
H01,0,0,0,0.0000,0.0000,PASS
H02,315,315,0,1.5137,1.5137,WARN
H03,3,3,0,0.0144,0.0144,WARN
I01,0,0,0,0.0000,0.0000,PASS
I02,0,0,0,0.0000,0.0000,PASS
U01,0,0,0,0.0000,0.0000,PASS
U02,114,0,114,1.6849,0.0000,PASS
U03,20,0,20,0.2039,0.0000,PASS
V01,0,0,0,0.0000,0.0000,PASS
V02,0,0,0,0.0000,0.0000,PASS
V03,7614,0,7614,36.5829,0.0000,PASS
V04,0,0,0,0.0000,0.0000,PASS
